Date (UTC)	Temp	RH	Pressure	NO2	O3	COV	PMP	Latitude	Longitude	Altitude	GPS Date
2017-09-21 07:24:42	16.766	57.496	1016.745	NA	NA	102.679	NA	No signal	No signal	No signal	23:59:49
2017-09-21 07:25:30	16.748	58.643	1016.741	NA	NA	41.643	NA	No signal	No signal	No signal	00:00:36
2017-09-21 07:26:30	16.784	57.936	1016.727	NA	NA	24.205	NA	No signal	No signal	No signal	00:01:37
2017-09-21 07:27:30	16.829	57.23	1016.754	NA	NA	24.205	NA	No signal	No signal	No signal	23:59:49
2017-09-21 07:28:30	16.855	56.73	1016.773	42.617	0	45.131	5.827	No signal	No signal	No signal	23:59:49
2017-09-21 07:30:29	16.954	56.602	1016.743	42.617	0	43.387	5.827	No signal	No signal	No signal	23:59:49
2017-09-21 07:31:31	17.025	56.826	1016.723	45.106	0	39.152	5.487	No signal	No signal	No signal	23:59:49
2017-09-21 07:32:30	17.061	54.958	1016.772	45.106	0	39.152	5.487	No signal	No signal	No signal	23:59:49
2017-09-21 07:33:29	17.106	54.288	1016.798	42.617	0	43.387	5.827	No signal	No signal	No signal	23:59:49
2017-09-21 07:34:28	17.133	53.874	1016.821	42.617	0	43.387	5.827	No signal	No signal	No signal	23:59:49
2017-09-21 07:35:28	17.16	53.435	1016.94	46.775	0	34.668	5.48	No signal	No signal	No signal	23:59:49
2017-09-21 07:36:29	17.115	53.199	1017.023	46.358	0	35.831	4.659	No signal	No signal	No signal	23:59:49
2017-09-21 07:37:28	17.088	52.514	1017.112	46.781	0	32.253	6.572	No signal	No signal	No signal	00:00:48
2017-09-21 07:38:28	17.151	53.25	1017.117	46.223	0	34.668	6.941	No signal	No signal	No signal	23:59:49
2017-09-21 07:39:28	17.142	52.481	1017.132	45.619	0	26.821	6.743	No signal	No signal	No signal	23:59:49
2017-09-21 07:40:28	17.052	55.244	1017.138	45.539	0	32.131	7.595	No signal	No signal	No signal	23:59:49
2017-09-21 07:41:28	17.097	53.204	1017.181	45.126	0	32.924	8.17	No signal	No signal	No signal	23:59:49
2017-09-21 07:42:31	17.07	53.286	1017.215	46.785	0	33.651	10.374	No signal	No signal	No signal	23:59:49
2017-09-21 07:43:28	17.115	53.47	1017.178	48.235	0	33.651	10.557	No signal	No signal	No signal	23:59:49
2017-09-21 07:44:29	17.097	53.431	1017.192	49.315	0	32.343	11.292	No signal	No signal	No signal	23:59:49
2017-09-21 07:45:31	17.106	53.346	1017.158	49.315	0	32.924	11.292	No signal	No signal	No signal	23:59:49
2017-09-21 07:46:31	17.106	53.328	1017.15	47.972	0	33.505	11.776	No signal	No signal	No signal	23:59:49
2017-09-21 07:47:28	17.097	53.396	1017.131	47.972	0	34.17	12.527	No signal	No signal	No signal	23:59:49
2017-09-21 07:48:28	17.088	53.49	1017.14	47.972	0	34.936	12.563	No signal	No signal	No signal	23:59:49
2017-09-21 07:49:28	17.079	53.558	1017.137	48.52	0	35.607	13.954	No signal	No signal	No signal	23:59:49
2017-09-21 07:50:28	17.088	53.639	1017.127	48.52	0	36.557	15.117	No signal	No signal	No signal	23:59:49
2017-09-21 07:51:28	17.106	53.407	1017.128	48.52	0	36.887	16.212	No signal	No signal	No signal	23:59:49
2017-09-21 07:52:28	17.097	52.786	1017.122	48.52	0	38.156	15.313	No signal	No signal	No signal	23:59:49
2017-09-21 07:53:28	17.177	53.692	1017.119	49.571	0	35.831	12.421	No signal	No signal	No signal	23:59:49
2017-09-21 07:54:30	17.115	52.432	1016.877	49.571	0	36.038	12.954	No signal	No signal	No signal	23:59:49
2017-09-21 07:55:31	17.07	52.841	1016.83	50.105	0	30.912	13.638	No signal	No signal	No signal	23:59:49
2017-09-21 07:56:30	17.043	53.403	1016.794	49.787	0	29.436	13.574	No signal	No signal	No signal	23:59:49
2017-09-21 07:57:28	17.016	53.232	1016.885	49.777	0	27.942	12.01	No signal	No signal	No signal	23:59:49
2017-09-21 07:58:28	17.07	52.641	1016.838	49.944	0	27.319	12.274	No signal	No signal	No signal	23:59:49
2017-09-21 07:59:30	17.079	52.059	1016.99	50.11	0	26.696	11.425	No signal	No signal	No signal	23:59:49
2017-09-21 08:00:30	16.963	52.2	1016.984	50.694	0	27.111	10.181	No signal	No signal	No signal	23:59:49
2017-09-21 08:01:28	16.918	52.444	1017.027	50.431	0	26.073	11.033	No signal	No signal	No signal	23:59:49
2017-09-21 08:02:28	16.891	52.752	1017.107	50.442	0	26.217	11.154	No signal	No signal	No signal	23:59:49
2017-09-21 08:03:28	16.9	52.833	1017.18	50.575	0	26.073	11.588	No signal	No signal	No signal	23:59:49
2017-09-21 08:04:29	16.909	52.686	1017.038	50.419	0	25.45	11.426	No signal	No signal	No signal	23:59:49
2017-09-21 08:05:28	16.838	52.628	1016.843	50.409	0	25.45	12.275	No signal	No signal	No signal	23:59:49
2017-09-21 08:06:30	16.838	53.945	1016.805	50.257	0	25.45	12.255	No signal	No signal	No signal	00:00:51
2017-09-21 08:07:28	16.802	52.943	1016.689	50.417	0	24.876	12.6	No signal	No signal	No signal	23:59:49
2017-09-21 08:08:30	16.775	53.016	1016.712	49.819	0	25.367	15.973	No signal	No signal	No signal	23:59:49
2017-09-21 08:09:28	16.891	52.944	1016.859	50.102	0	25.45	16.799	No signal	No signal	No signal	23:59:49
2017-09-21 08:10:28	16.891	52.927	1016.867	50.403	0	26.217	18.185	No signal	No signal	No signal	23:59:49
2017-09-21 08:11:28	16.891	53.023	1016.894	50.723	0	26.385	16.228	No signal	No signal	No signal	23:59:49
2017-09-21 08:12:28	16.9	52.998	1016.912	49.946	0	26.385	15.031	No signal	No signal	No signal	23:59:49
2017-09-21 08:13:28	16.927	52.864	1016.907	49.299	0	25.79	15.647	No signal	No signal	No signal	23:59:49
2017-09-21 08:14:28	16.963	52.907	1016.9	48.61	0	25.949	18.031	No signal	No signal	No signal	23:59:49
2017-09-21 08:15:28	16.954	52.722	1016.894	48.775	0	25.077	21.819	No signal	No signal	No signal	23:59:49
2017-09-21 08:16:28	16.99	52.738	1016.875	48.441	0	23.534	17.82	No signal	No signal	No signal	23:59:49
2017-09-21 08:17:31	17.016	52.769	1016.88	48.591	0	22.863	18.104	No signal	No signal	No signal	23:59:49
2017-09-21 08:18:28	17.034	52.538	1016.885	48.139	0	22.863	16.53	No signal	No signal	No signal	23:59:49
2017-09-21 08:19:28	17.052	52.62	1016.851	47.767	0	22.025	16.288	No signal	No signal	No signal	23:59:49
2017-09-21 08:20:28	17.052	52.663	1016.824	47.301	0	21.298	15.563	No signal	No signal	No signal	08:19:44
2017-09-21 08:21:28	17.007	52.576	1016.823	46.991	0	21.298	16.425	No signal	No signal	No signal	08:20:45
2017-09-21 08:22:28	16.99	53.252	1016.727	46.73	0	21.034	13.025	No signal	No signal	No signal	08:21:45
2017-09-21 08:23:28	17.043	53.708	1016.739	46.368	0	21.522	10.041	No signal	No signal	No signal	08:22:45
2017-09-21 08:24:30	17.07	53.635	1016.769	46.408	0	21.522	10.041	No signal	No signal	No signal	08:23:47
2017-09-21 08:25:30	17.106	53.607	1016.761	46.833	0	22.959	8.939	No signal	No signal	No signal	08:24:46
2017-09-21 08:26:28	17.151	53.651	1016.762	46.946	0	22.193	9.007	No signal	No signal	No signal	08:25:44
2017-09-21 08:27:28	17.204	53.54	1016.747	46.543	0	22.025	10.029	No signal	No signal	No signal	08:26:45
2017-09-21 08:28:28	17.267	53.405	1016.743	46.227	0	22.619	10.81	No signal	No signal	No signal	08:27:45
2017-09-21 08:29:28	17.321	53.381	1016.725	45.52	0	22.461	11.749	No signal	No signal	No signal	08:28:45
2017-09-21 08:30:28	17.383	53.289	1016.749	44.688	0	23.236	10.007	No signal	No signal	No signal	08:29:44
2017-09-21 08:31:28	17.437	53.126	1016.734	45.125	0	23.333	9.735	No signal	No signal	No signal	08:30:45
2017-09-21 08:32:29	17.508	53.045	1016.709	45.129	0	23.333	9.871	No signal	No signal	No signal	08:31:46
2017-09-21 08:33:28	17.553	52.949	1016.707	44.675	0	23.236	8.825	No signal	No signal	No signal	08:32:44
2017-09-21 08:34:28	17.625	52.816	1016.689	45.131	0	24.205	7.844	No signal	No signal	No signal	08:33:44
2017-09-21 08:35:28	17.669	52.721	1016.677	45.132	0	24.205	6.376	No signal	No signal	No signal	08:34:44
2017-09-21 08:36:28	17.723	52.636	1016.675	45.138	0.007	24.205	6.41	No signal	No signal	No signal	08:35:44
2017-09-21 08:37:28	17.768	52.531	1016.646	45.145	0.021	24.205	5.945	No signal	No signal	No signal	08:36:44
2017-09-21 08:38:28	17.821	52.403	1016.611	45.672	0.023	24.205	5.608	No signal	No signal	No signal	08:37:44
2017-09-21 08:39:28	17.875	52.292	1016.621	45.672	0.023	24.205	6.197	No signal	No signal	No signal	08:38:45
2017-09-21 08:40:27	17.92	52.17	1016.624	45.634	0.186	25.295	8.093	No signal	No signal	No signal	08:39:44
2017-09-21 08:41:28	17.983	52.087	1016.647	45.88	0.357	25.174	7.081	No signal	No signal	No signal	08:40:44
2017-09-21 08:42:28	18.018	51.99	1016.66	45.889	0.536	25.949	6.295	No signal	No signal	No signal	08:41:44
2017-09-21 08:43:30	18.072	51.923	1016.647	45.898	0.536	26.583	6.006	No signal	No signal	No signal	08:42:46
2017-09-21 08:44:28	18.126	51.846	1016.655	45.908	0.536	26.583	5.469	No signal	No signal	No signal	08:43:44
2017-09-21 08:45:27	18.17	51.812	1016.656	45.663	0.589	27.111	5.453	No signal	No signal	No signal	08:44:44
2017-09-21 08:46:28	18.206	51.776	1016.657	45.673	0.589	27.558	7.195	No signal	No signal	No signal	08:45:44
2017-09-21 08:47:30	18.26	52.005	1016.647	45.684	0.589	27.942	7.433	No signal	No signal	No signal	08:46:47
2017-09-21 08:48:28	18.305	52.851	1016.65	45.71	0.617	28.229	7.433	No signal	No signal	No signal	08:47:44
2017-09-21 08:49:28	18.331	49.7	1016.62	45.71	0.617	27.558	8.052	No signal	No signal	No signal	08:48:45
2017-09-21 08:50:28	18.251	49.213	1016.56	47.645	0.48	28.274	7.192	No signal	No signal	No signal	08:49:45
2017-09-21 08:51:32	17.956	50.068	1016.717	47.741	0.498	27.942	6.886	No signal	No signal	No signal	08:50:48
2017-09-21 08:52:29	17.75	50.801	1016.802	47.846	0.518	28.229	6.872	No signal	No signal	No signal	08:51:46
2017-09-21 08:53:30	17.723	51.354	1016.776	46.008	0.48	27.111	9.231	No signal	No signal	No signal	08:52:47
2017-09-21 08:54:28	17.66	51.481	1016.714	46.542	0.418	27.111	8.777	No signal	No signal	No signal	08:53:44
2017-09-21 08:55:29	17.625	51.97	1016.76	46.296	0.447	27.319	8.691	No signal	No signal	No signal	08:54:46
2017-09-21 08:56:31	17.553	52.043	1017.027	46.16	0.463	27.558	9.36	No signal	No signal	No signal	08:55:48
2017-09-21 08:57:28	17.526	52.909	1017.472	45.829	0.48	27.111	10.14	No signal	No signal	No signal	08:56:45
2017-09-21 08:58:28	17.526	53.38	1017.615	45.414	0.381	27.693	17.951	No signal	No signal	No signal	08:57:45
2017-09-21 08:59:29	17.535	53.574	1017.491	45.121	0.393	27.942	18.942	No signal	No signal	No signal	08:58:46
2017-09-21 09:00:29	17.598	53.979	1017.795	44.808	0.405	27.558	19.875	No signal	No signal	No signal	08:59:46
2017-09-21 09:01:28	17.66	54.567	1018.152	44.476	0.418	27.111	19.489	No signal	No signal	No signal	09:00:45
2017-09-21 09:02:30	17.75	55.728	1017.927	44.12	0.432	27.375	20.103	No signal	No signal	No signal	09:01:46
2017-09-21 09:03:29	17.848	55.391	1017.437	43.74	0.447	25.077	21.539	No signal	No signal	No signal	09:02:46
2017-09-21 09:05:32	17.947	50.842	1017.304	42.894	0.48	25.295	24.191	No signal	No signal	No signal	09:04:49
2017-09-21 09:06:28	17.893	50.465	1016.729	48.743	4.138	29.187	35.937	No signal	No signal	No signal	09:05:45
2017-09-21 09:07:29	18.26	50.802	1016.739	49.007	4.258	30.241	36.561	No signal	No signal	No signal	09:06:46
2017-09-21 09:08:27	18.609	50.463	1016.752	49.288	4.383	32.924	37.596	No signal	No signal	No signal	09:07:44
2017-09-21 09:09:27	18.975	50.582	1016.732	47.01	2.8	34.17	29.969	No signal	No signal	No signal	09:08:44
2017-09-21 09:10:27	19.145	50.277	1016.671	48.552	2.666	35.415	31.192	No signal	No signal	No signal	09:09:44
2017-09-21 09:11:27	19.333	49.043	1016.631	48.682	2.629	35.831	28.434	No signal	No signal	No signal	09:10:44
2017-09-21 09:12:28	19.315	48.786	1016.669	48.823	2.582	36.412	28.962	No signal	No signal	No signal	09:11:45
2017-09-21 09:14:28	19.539	49.451	1016.606	51.462	4.11	38.737	28.269	No signal	No signal	No signal	09:13:45
2017-09-21 09:15:27	19.727	48.252	1016.637	54.05	4.893	39.028	30.095	No signal	No signal	No signal	09:14:44
2017-09-21 09:16:27	19.825	48.333	1016.613	56.272	4.42	39.464	24.637	No signal	No signal	No signal	09:15:44
2017-09-21 09:18:32	19.834	47.603	1016.593	57.731	4.42	40.19	16.932	No signal	No signal	No signal	09:17:49
2017-09-21 09:19:27	19.825	47.801	1016.565	57.75	4.42	40.302	19.49	No signal	No signal	No signal	09:18:44
2017-09-21 09:20:27	19.834	47.262	1016.596	57.768	4.42	44.997	18.371	No signal	No signal	No signal	09:19:45
2017-09-21 09:21:27	19.834	47.193	1016.601	58.428	4.42	47.68	21.982	No signal	No signal	No signal	09:20:44
2017-09-21 09:22:27	19.852	47.754	1016.572	59.09	4.42	49.021	22.275	No signal	No signal	No signal	09:21:44
2017-09-21 09:23:27	19.843	48.555	1016.615	60.048	4.567	51.089	21.899	No signal	No signal	No signal	09:22:44
2017-09-21 09:24:27	19.843	49.401	1016.669	60.403	4.567	53.996	21.593	No signal	No signal	No signal	09:23:44
2017-09-21 09:25:27	19.87	49.729	1016.604	61.465	4.936	57.629	22.444	No signal	No signal	No signal	09:24:44
2017-09-21 09:26:27	19.906	50.102	1016.618	62.604	5.333	61.262	19.453	No signal	No signal	No signal	09:25:44
2017-09-21 09:27:27	19.941	50.267	1016.655	62.836	5.45	63.106	16.685	No signal	No signal	No signal	09:26:44
2017-09-21 09:28:30	19.995	50.365	1016.842	63.519	6.753	65.31	15.226	No signal	No signal	No signal	09:27:48
2017-09-21 09:29:27	20.04	50.435	1016.858	63.734	7.861	67.801	14.14	No signal	No signal	No signal	09:28:44
2017-09-21 09:30:27	20.094	50.429	1016.854	63.397	8.861	70.915	13.394	No signal	No signal	No signal	09:29:44
2017-09-21 09:31:28	20.138	50.621	1016.89	63.061	8.811	74.652	11.662	No signal	No signal	No signal	09:30:45
2017-09-21 09:32:27	20.201	50.503	1016.904	62.725	8.761	75.939	11.573	No signal	No signal	No signal	09:31:45
2017-09-21 09:33:28	20.255	50.671	1016.894	61.868	8.225	77.766	11.573	No signal	No signal	No signal	09:32:45
2017-09-21 09:34:30	20.29	47.522	1016.924	61.688	9.101	82.334	9.229	No signal	No signal	No signal	09:33:47
2017-09-21 09:35:28	19.941	45.035	1016.937	62.621	10.255	77.683	10.093	No signal	No signal	No signal	09:34:45
2017-09-21 09:36:27	20.013	45.686	1016.901	62.089	8.809	79.635	5.311	No signal	No signal	No signal	09:35:44
2017-09-21 09:37:27	20.156	45.864	1016.945	62.162	9.148	82.557	5.064	No signal	No signal	No signal	09:36:45
2017-09-21 09:38:27	20.29	46.101	1016.896	60.707	10.563	71.87	8.336	No signal	No signal	No signal	09:37:44
2017-09-21 09:39:28	20.353	45.712	1016.88	59.406	10.563	67.801	8.522	No signal	No signal	No signal	09:38:45
2017-09-21 09:40:27	20.416	45.42	1016.975	58.512	10.927	66.556	8.209	No signal	No signal	No signal	09:39:44
2017-09-21 09:41:27	20.675	46.424	1016.985	57.162	11.612	62.819	8.293	No signal	No signal	No signal	09:40:45
2017-09-21 09:42:27	20.899	45.755	1016.98	57.392	11.552	61.765	8.845	No signal	No signal	No signal	09:41:44
2017-09-21 09:43:27	20.97	44.95	1016.969	58.132	11.552	57.741	9.945	No signal	No signal	No signal	09:42:45
2017-09-21 09:44:27	21.095	45.882	1016.963	58.132	11.552	55.449	10.653	No signal	No signal	No signal	09:43:45
2017-09-21 09:45:27	21.122	45.051	1016.994	57.484	11.98	52.741	11.473	No signal	No signal	No signal	09:44:45
2017-09-21 09:46:27	21.364	45.17	1016.874	56.782	12.441	48.619	12.429	No signal	No signal	No signal	09:45:45
2017-09-21 09:47:27	21.471	43.178	1016.842	58.759	11.552	42.37	12.223	No signal	No signal	No signal	09:46:44
2017-09-21 09:48:27	21.552	43.971	1016.77	58.182	11.154	36.557	16.145	No signal	No signal	No signal	09:47:44
2017-09-21 09:49:27	21.534	42.441	1016.667	58.441	11.552	32.131	14.164	No signal	No signal	No signal	09:48:45
2017-09-21 09:50:27	21.498	41.841	1016.532	58.124	11.552	32.924	16.078	No signal	No signal	No signal	09:49:44
2017-09-21 09:51:27	21.391	42.822	1016.447	56.742	11.552	32.924	18.304	No signal	No signal	No signal	09:50:44
2017-09-21 09:52:27	21.292	42.54	1016.338	54.899	11.154	32.197	19.908	No signal	No signal	No signal	09:51:44
2017-09-21 09:53:27	21.158	43.341	1016.265	53.558	11.154	31.471	18.665	No signal	No signal	No signal	09:52:44
2017-09-21 09:54:27	21.14	42.988	1016.186	52.557	11.154	30.912	19.765	No signal	No signal	No signal	09:53:44
2017-09-21 09:55:27	21.176	42.638	1015.991	52.615	11.334	31.471	19.765	No signal	No signal	No signal	09:54:44
2017-09-21 09:56:27	21.051	42.386	1015.858	51.578	11.112	30.241	22.565	No signal	No signal	No signal	09:55:44
2017-09-21 09:57:27	21.015	42.265	1015.536	51.417	11.402	29.291	22.565	No signal	No signal	No signal	09:56:44
2017-09-21 09:58:27	20.881	43.144	1015.22	50.52	10.301	28.9	23.409	No signal	No signal	No signal	09:57:44
2017-09-21 09:59:27	20.782	43.29	1015.016	50.31	9.547	27.838	23.409	No signal	No signal	No signal	09:58:44
2017-09-21 10:00:27	20.371	43.676	1014.704	48.715	8.193	25.546	26.091	No signal	No signal	No signal	09:59:44
2017-09-21 10:01:27	20.326	43.763	1014.48	48.243	7.35	24.205	27.872	No signal	No signal	No signal	10:00:44
2017-09-21 10:02:27	20.451	44.032	1014.168	47.291	6.186	22.752	28.632	No signal	No signal	No signal	10:01:44
2017-09-21 10:03:27	20.55	43.87	1014.335	44.758	4.483	22.752	29.951	No signal	No signal	No signal	10:02:44
2017-09-21 10:04:27	20.389	44.02	1014.376	42.474	3.245	21.827	30.575	No signal	No signal	No signal	10:03:45
2017-09-21 10:05:27	20.299	44.42	1014.661	40.748	2.426	21.827	28.955	No signal	No signal	No signal	10:04:44
2017-09-21 10:06:29	20.29	44.897	1015.548	39.881	0.764	21.091	24.724	No signal	No signal	No signal	10:05:47
2017-09-21 10:07:29	20.174	46.556	1015.387	39.937	1.459	21.091	21.738	No signal	No signal	No signal	10:06:46
2017-09-21 10:08:27	20.183	46.576	1017.923	39.293	2.091	22.461	22.642	No signal	No signal	No signal	10:07:44
2017-09-21 10:10:32	20.228	48.154	1019.936	39.291	2.668	24.205	19.384	No signal	No signal	No signal	10:09:50
2017-09-21 10:15:34	20.398	49.846	1019.005	36.428	4.649	28.564	15.232	No signal	No signal	No signal	10:14:52
2017-09-21 10:16:28	20.317	48.234	1018.03	34.625	4.834	28.08	15.976	No signal	No signal	No signal	10:15:45
2017-09-21 10:17:28	20.299	48.204	1017.978	36.009	7.787	31.18	16.344	No signal	No signal	No signal	10:16:46
2017-09-21 10:18:27	20.192	47.04	1017.512	35.796	9.925	32.052	13.862	No signal	No signal	No signal	10:17:45
2017-09-21 10:19:26	20.21	47.575	1017.522	37.913	14.789	33.796	14.557	No signal	No signal	No signal	10:18:44
2017-09-21 10:20:27	20.174	46.417	1016.645	37.724	14.849	34.668	15.064	No signal	No signal	No signal	10:19:46
2017-09-21 10:21:26	20.156	46.692	1016.043	37.497	15.061	34.014	18.339	No signal	No signal	No signal	10:20:44
2017-09-21 10:22:26	20.138	46.253	1016.324	38.356	15.061	34.014	20.174	No signal	No signal	No signal	10:21:44
2017-09-21 10:23:27	20.183	46.166	1016.716	39.329	15.619	32.924	21.217	No signal	No signal	No signal	10:22:45
2017-09-21 10:24:27	20.201	45.934	1016.719	39.727	15.061	30.986	23.465	No signal	No signal	No signal	10:23:44
2017-09-21 10:25:27	20.192	46.019	1016.747	41.303	15.972	28.08	21.569	No signal	No signal	No signal	10:24:44
2017-09-21 10:26:26	20.12	45.717	1016.684	41.996	16.543	28.08	21.134	No signal	No signal	No signal	10:25:44
2017-09-21 10:27:29	20.04	46.023	1016.715	41.261	16.7	28.564	19.333	No signal	No signal	No signal	10:26:47
2017-09-21 10:28:26	19.977	46.071	1016.621	41.601	17.296	27.693	19.333	No signal	No signal	No signal	10:27:44
2017-09-21 10:29:26	19.941	46.465	1016.503	40.441	15.844	28.855	18.779	No signal	No signal	No signal	10:28:44
2017-09-21 10:30:28	19.906	46.58	1016.396	40.567	16.355	27.319	18.779	No signal	No signal	No signal	10:29:46
2017-09-21 10:31:29	19.789	46.599	1016.202	39.797	16.28	27.111	22.143	No signal	No signal	No signal	10:30:47
2017-09-21 10:32:26	19.754	47.351	1016.243	39.911	16.805	26.696	19.502	No signal	No signal	No signal	10:31:44
2017-09-21 10:33:27	19.754	47.385	1016.141	39.777	16.484	25.949	21.779	No signal	No signal	No signal	10:32:45
2017-09-21 10:34:31	19.736	47.312	1016.128	40.046	17.015	24.205	22.943	No signal	No signal	No signal	10:33:48
2017-09-21 10:35:28	19.718	48.119	1016.063	40.336	17.582	24.876	23.149	No signal	No signal	No signal	10:34:46
2017-09-21 10:36:28	19.745	49.424	1016.091	40.497	19.763	25.367	21.296	No signal	No signal	No signal	10:35:46
2017-09-21 10:37:26	19.789	49.294	1016.067	40.473	19.771	26.073	21.136	No signal	No signal	No signal	10:36:44
2017-09-21 10:38:26	19.843	49.226	1016.079	40.803	19.09	28.855	21.141	No signal	No signal	No signal	10:37:44
2017-09-21 10:39:28	19.924	49.199	1016.054	40.784	18.854	31.18	20.134	No signal	No signal	No signal	10:38:46
2017-09-21 10:40:26	19.995	49.17	1016.065	40.435	19.294	29.571	21.483	No signal	No signal	No signal	10:39:45
2017-09-21 10:41:26	20.04	49.127	1016.061	40.946	17.264	32.924	19.772	No signal	No signal	No signal	10:40:44
2017-09-21 10:42:26	20.12	49.1	1016.056	41.419	17.422	35.831	18.635	No signal	No signal	No signal	10:41:44
2017-09-21 10:43:26	20.174	49.006	1016.061	41.561	17.022	37.574	16.762	No signal	No signal	No signal	10:42:44
2017-09-21 10:44:28	20.246	48.829	1016.036	41.696	16.651	39.9	15.982	No signal	No signal	No signal	10:43:46
2017-09-21 10:45:26	20.317	48.696	1016.044	41.966	16.221	42.806	13.981	No signal	No signal	No signal	10:44:44
2017-09-21 10:46:27	20.362	48.452	1016.067	40.523	14.59	45.131	12.415	No signal	No signal	No signal	10:45:45
2017-09-21 10:47:26	20.407	48.4	1016.079	38.209	13.588	45.668	11.783	No signal	No signal	No signal	10:46:44
2017-09-21 10:48:26	20.46	48.411	1016.058	38.417	8.858	47.456	5.716	No signal	No signal	No signal	10:47:44
2017-09-21 10:49:26	20.514	48.414	1016.041	39.82	8.236	52.688	5.782	No signal	No signal	No signal	10:48:44
2017-09-21 10:50:28	20.559	48.388	1016.005	40.146	8.177	55.013	5.601	No signal	No signal	No signal	10:49:46
2017-09-21 10:51:26	20.594	48.326	1015.993	40.153	8.125	56.176	5.632	No signal	No signal	No signal	10:50:44
2017-09-21 10:52:29	20.648	48.284	1016.002	40.286	8.396	56.591	5.752	No signal	No signal	No signal	10:51:47
2017-09-21 10:53:33	20.693	48.206	1016.026	40.171	8.336	57.919	3.828	No signal	No signal	No signal	10:52:51
2017-09-21 10:54:26	20.729	48.144	1016.039	40.303	8.613	57.214	4.102	No signal	No signal	No signal	10:53:44
2017-09-21 10:56:32	20.809	47.986	1016.054	40.655	8.628	59.705	4.268	No signal	No signal	No signal	10:55:50
2017-09-21 10:57:26	20.854	47.917	1016.044	41.685	8.491	59.753	4.596	No signal	No signal	No signal	10:56:45
2017-09-21 10:58:26	20.899	47.821	1016.066	42.945	8.228	60.423	4.841	No signal	No signal	No signal	10:57:44
2017-09-21 10:59:26	20.934	47.733	1016.037	44.206	7.973	60.423	4.841	No signal	No signal	No signal	10:58:44
2017-09-21 11:00:26	20.97	47.662	1016.039	44.991	7.511	61.573	5.238	No signal	No signal	No signal	10:59:44
2017-09-21 11:01:30	21.015	47.47	1016.014	45.184	7.273	61.573	4.451	No signal	No signal	No signal	11:00:48
2017-09-21 11:02:26	21.06	47.279	1016.01	45.38	7.048	62.196	3.878	No signal	No signal	No signal	11:01:44
2017-09-21 11:03:27	21.095	47.094	1015.998	44.549	7.333	62.819	3.789	No signal	No signal	No signal	11:02:45
2017-09-21 11:04:26	21.122	46.943	1016.02	43.72	6.606	62.819	3.789	No signal	No signal	No signal	11:03:44
2017-09-21 11:05:27	21.158	46.95	1016.003	43.819	5.791	62.436	3.24	No signal	No signal	No signal	11:04:45
2017-09-21 11:06:27	21.176	46.954	1015.998	43.742	5.031	62.715	3.471	No signal	No signal	No signal	11:05:46
2017-09-21 11:07:27	21.194	46.958	1016.015	41.921	4.758	62.819	4.902	No signal	No signal	No signal	11:06:45
2017-09-21 11:08:26	21.212	46.927	1015.949	40.817	4.324	62.819	5.628	No signal	No signal	No signal	11:07:44
2017-09-21 11:09:27	21.23	46.887	1015.968	41.097	4.48	62.436	5.427	No signal	No signal	No signal	11:08:45
2017-09-21 11:10:27	21.247	46.829	1015.957	39.587	3.81	63.151	5.499	No signal	No signal	No signal	11:09:46
2017-09-21 11:11:26	21.265	46.789	1015.944	38.971	3.402	63.151	5.22	No signal	No signal	No signal	11:10:44
2017-09-21 11:12:31	21.274	46.739	1015.922	38.355	2.992	63.732	4.607	No signal	No signal	No signal	11:11:49
2017-09-21 11:13:26	21.319	46.687	1015.937	37.737	2.858	64.314	4.266	No signal	No signal	No signal	11:12:44
2017-09-21 11:15:31	21.364	46.592	1015.928	36.652	2.761	64.064	4.533	No signal	No signal	No signal	11:14:49
2017-09-21 11:16:28	21.391	46.536	1015.93	36.151	2.792	64.448	4.756	No signal	No signal	No signal	11:15:47
2017-09-21 11:17:27	21.4	46.346	1015.915	35.613	2.82	64.168	5.075	No signal	No signal	No signal	11:16:46
2017-09-21 11:19:27	21.435	46.048	1015.89	34.505	3.187	63.777	4.609	No signal	No signal	No signal	11:18:46
2017-09-21 11:20:26	21.444	45.919	1015.881	33.67	3.315	64.448	4.117	No signal	No signal	No signal	11:19:44
2017-09-21 11:22:31	21.48	45.97	1015.868	33.238	3.342	64.895	2.579	No signal	No signal	No signal	11:21:50
2017-09-21 11:23:26	21.489	45.972	1015.851	32.904	3.252	64.895	3.274	No signal	No signal	No signal	11:22:44
2017-09-21 11:25:32	21.516	45.96	1015.835	32.422	3.008	65.423	2.272	No signal	No signal	No signal	11:24:50
2017-09-21 11:26:26	21.516	45.934	1015.843	32.589	2.9	65.423	2.203	No signal	No signal	No signal	11:25:44
2017-09-21 11:27:28	21.552	45.915	1015.854	31.521	3.008	64.314	2.424	No signal	No signal	No signal	11:26:47
2017-09-21 11:29:30	21.569	45.806	1015.849	29.716	3.008	64.631	2.832	No signal	No signal	No signal	11:28:49
2017-09-21 11:30:26	21.587	45.923	1015.819	29.733	2.949	65.423	2.575	No signal	No signal	No signal	11:29:44
2017-09-21 11:32:32	21.623	45.851	1015.791	29.674	3.107	66.057	2.54	No signal	No signal	No signal	11:31:50
2017-09-21 11:36:31	21.677	45.488	1015.733	31.293	2.65	65.622	2.635	No signal	No signal	No signal	11:35:49
2017-09-21 11:37:28	21.677	45.479	1015.715	31.234	2.667	65.31	2.635	No signal	No signal	No signal	11:36:46
2017-09-21 11:40:31	21.605	43.781	1015.87	30.766	3.262	62.352	1.58	No signal	No signal	No signal	11:39:49
2017-09-21 11:41:25	21.552	43.657	1015.943	31.303	3.631	59.082	4.27	No signal	No signal	No signal	11:40:44
2017-09-21 11:42:25	21.408	43.096	1016.016	31.576	4.146	54.722	5.83	No signal	No signal	No signal	11:41:44
2017-09-21 11:43:26	21.319	43.592	1016.062	31.843	4.937	52.3	10.173	No signal	No signal	No signal	11:42:44
2017-09-21 11:44:26	21.283	43.689	1016.255	32.105	5.7	48.425	12.148	No signal	No signal	No signal	11:43:44
2017-09-21 11:46:29	21.23	46.111	1016.131	31.835	5.845	46.003	15.619	No signal	No signal	No signal	11:45:48
2017-09-21 11:47:27	21.256	47.912	1016.357	31.532	6.001	44.135	15.619	No signal	No signal	No signal	11:46:46
2017-09-21 11:48:31	21.328	49.113	1016.301	30.782	7.219	42.515	24.3	No signal	No signal	No signal	11:47:50
2017-09-21 11:49:26	21.435	48.071	1016.096	30.782	7.219	43.387	24.3	No signal	No signal	No signal	11:48:45
2017-09-21 11:50:27	21.498	47.997	1016.386	32.829	8.135	45.276	21.807	No signal	No signal	No signal	11:49:46
2017-09-21 11:51:26	21.587	48.381	1016.738	33.131	8.525	44.021	21.807	No signal	No signal	No signal	11:50:45
2017-09-21 11:52:27	21.686	48.681	1016.181	33.131	8.525	41.643	23.968	No signal	No signal	No signal	11:51:46
2017-09-21 11:53:28	21.793	48.52	1015.863	34.186	9.314	44.021	24.998	No signal	No signal	No signal	11:52:47
2017-09-21 11:54:26	21.891	48.13	1016.625	34.026	9.831	44.021	24.998	No signal	No signal	No signal	11:53:45
2017-09-21 11:55:27	21.972	47.963	1016.512	36.904	17.097	46.73	29.873	No signal	No signal	No signal	11:54:46
2017-09-21 11:56:27	22.053	47.806	1016.039	37.352	20.761	48.91	30.095	No signal	No signal	No signal	11:55:46
2017-09-21 11:57:27	22.106	47.494	1016.051	37.365	21.705	51.155	31.061	No signal	No signal	No signal	11:56:46
2017-09-21 11:58:27	22.196	47.286	1015.595	37.377	22.739	52.979	30.777	No signal	No signal	No signal	11:57:46
2017-09-21 11:59:27	22.24	47.077	1014.791	39.593	29.252	58.355	27.274	No signal	No signal	No signal	11:58:46
2017-09-21 12:00:27	22.312	47.013	1015.347	29.824	11.988	47.456	49.027	No signal	No signal	No signal	11:59:46
2017-09-21 12:01:25	22.375	47.026	1015.238	31.688	15.409	59.082	37.354	No signal	No signal	No signal	12:00:44
2017-09-21 12:02:27	22.437	46.96	1015.253	31.688	15.409	72.161	35.308	No signal	No signal	No signal	12:01:46
2017-09-21 12:03:27	22.5	46.869	1015.021	31.638	16.82	72.161	14.009	No signal	No signal	No signal	12:02:46
2017-09-21 12:04:26	22.571	46.866	1014.414	31.638	16.82	72.161	14.009	No signal	No signal	No signal	12:03:45
2017-09-21 12:05:27	22.634	46.835	1014.192	45.073	35.31	67.131	24.052	No signal	No signal	No signal	12:04:46
2017-09-21 12:06:27	22.714	46.799	1013.901	45.073	35.31	67.131	24.052	No signal	No signal	No signal	12:05:46
2017-09-21 12:07:27	22.786	46.91	1013.958	45.757	36.268	69.255	24.052	No signal	No signal	No signal	12:06:46
2017-09-21 12:08:26	22.867	46.717	1014.779	46.405	40.878	69.545	22.986	No signal	No signal	No signal	12:07:45
2017-09-21 12:09:26	22.947	46.664	1015.111	46.405	40.878	69.67	20.45	No signal	No signal	No signal	12:08:45
2017-09-21 12:10:27	23.019	46.67	1014.979	46.405	40.878	69.813	16.734	No signal	No signal	No signal	12:09:46
2017-09-21 12:11:26	23.09	46.685	1015.27	45.81	46.794	71.289	15.385	No signal	No signal	No signal	12:10:45
2017-09-21 12:12:27	23.099	39.746	1015.089	46.237	47.676	69.67	14.979	No signal	No signal	No signal	12:11:46
2017-09-21 12:13:26	23.135	42.169	1014.524	46.695	48.727	69.813	15.389	No signal	No signal	No signal	12:12:45
2017-09-21 12:14:29	23.117	41.127	1014.49	47.186	49.86	69.255	15.95	No signal	No signal	No signal	12:13:48
2017-09-21 12:15:27	23.108	42.407	1014.451	46.459	47.918	65.476	18.691	No signal	No signal	No signal	12:14:46
2017-09-21 12:16:27	23.09	42.491	1014.456	46.459	47.918	65.31	19.025	No signal	No signal	No signal	12:15:46
2017-09-21 12:17:26	23.099	43.042	1014.45	47.535	48.768	65.118	18.75	No signal	No signal	No signal	12:16:45
2017-09-21 12:18:26	23.135	43.407	1014.456	64.734	44.907	59.082	13.803	No signal	No signal	No signal	12:17:45
2017-09-21 12:19:27	23.171	43.571	1014.449	52.683	38.787	50.363	NA	No signal	No signal	No signal	12:18:46
2017-09-21 12:20:25	23.215	42.892	1014.452	58.705	44.301	50.363	3.751	No signal	No signal	No signal	12:19:44
2017-09-21 12:21:26	23.215	43.048	1014.389	58.705	44.301	50.363	3.751	No signal	No signal	No signal	12:20:45
2017-09-21 12:22:29	23.233	43.209	1014.427	54.267	45.031	52.107	2.845	No signal	No signal	No signal	12:21:49
2017-09-21 12:23:25	23.269	43.295	1014.42	50.029	56.395	51.816	5.736	No signal	No signal	No signal	12:22:44
2017-09-21 12:24:27	23.314	43.095	1014.4	49.998	59.583	51.608	4.78	No signal	No signal	No signal	12:23:46
2017-09-21 12:25:25	23.341	43.048	1014.411	50.607	57.718	51.816	5.736	No signal	No signal	No signal	12:24:44
2017-09-21 12:26:27	23.358	43.113	1014.405	52.716	45.441	51.816	5.736	No signal	No signal	No signal	12:25:47
2017-09-21 12:27:25	23.385	42.185	1014.372	49.895	53.414	51.608	5.393	No signal	No signal	No signal	12:26:44
2017-09-21 12:28:25	23.394	41.089	1014.406	49.733	54.017	51.608	5.393	No signal	No signal	No signal	12:27:44
2017-09-21 12:29:25	23.376	41.425	1014.418	42.005	56.079	50.363	7.457	No signal	No signal	No signal	12:28:44
2017-09-21 12:30:26	23.332	39.933	1014.476	43.647	57.203	50.363	6.178	No signal	No signal	No signal	12:29:46
2017-09-21 12:31:26	23.421	40.998	1014.453	43.286	57.94	50.363	6.178	No signal	No signal	No signal	12:30:45
2017-09-21 12:32:26	23.412	41.223	1014.449	42.892	58.726	51.089	6.178	No signal	No signal	No signal	12:31:45
2017-09-21 12:33:28	23.502	41.198	1014.568	41.35	56.804	49.2	9.395	No signal	No signal	No signal	12:32:47
2017-09-21 12:34:25	23.537	41.807	1014.5	41.909	67.244	51.235	6.045	No signal	No signal	No signal	12:33:44
2017-09-21 12:35:25	23.618	41.579	1014.596	39.779	59.271	50.363	6.562	No signal	No signal	No signal	12:34:44
2017-09-21 12:36:25	23.672	40.431	1014.513	38.717	55.832	48.351	15.985	No signal	No signal	No signal	12:35:44
2017-09-21 12:37:26	23.707	41.179	1014.535	38.067	53.739	47.009	15.959	No signal	No signal	No signal	12:36:46
2017-09-21 12:38:25	23.725	41.357	1014.512	37.883	52.414	46.73	15.847	No signal	No signal	No signal	12:37:44
2017-09-21 12:39:25	23.716	41.521	1014.423	37.866	50.864	47.192	17.288	No signal	No signal	No signal	12:38:44
2017-09-21 12:40:26	23.698	40.27	1014.363	37.348	49.17	46.399	17.173	No signal	No signal	No signal	12:39:45
2017-09-21 12:41:25	23.68	41.113	1014.243	37.303	47.297	46.003	18.89	No signal	No signal	No signal	12:40:44
2017-09-21 12:42:25	23.645	39.571	1014.117	36.095	45.974	44.135	17.735	No signal	No signal	No signal	12:41:44
2017-09-21 12:43:25	23.734	41.062	1014.202	35.952	46.999	43.512	17.308	No signal	No signal	No signal	12:42:45
2017-09-21 12:44:25	23.788	39.966	1013.996	35.811	48.039	43.512	16.917	No signal	No signal	No signal	12:43:44
2017-09-21 12:45:25	23.779	38.247	1013.964	36.905	48.669	43.387	26.197	No signal	No signal	No signal	12:44:44
2017-09-21 12:46:25	23.752	39.235	1013.832	37.092	46.706	42.806	26.738	No signal	No signal	No signal	12:45:44
2017-09-21 12:47:25	23.734	39.563	1013.915	37.278	44.747	41.643	24.659	No signal	No signal	No signal	12:46:45
2017-09-21 12:48:25	23.877	41.484	1013.982	37.673	46.366	42.314	27.001	No signal	No signal	No signal	12:47:44
2017-09-21 12:49:25	24.02	41.296	1014.102	34.161	43.841	41.062	31.354	No signal	No signal	No signal	12:48:44
2017-09-21 12:50:25	24.137	40.666	1014.167	31.652	44.712	41.643	45.874	No signal	No signal	No signal	12:49:45
2017-09-21 12:51:25	24.235	40.407	1014.355	32.498	44.244	41.021	37.461	No signal	No signal	No signal	12:50:44
2017-09-21 12:52:26	24.316	38.087	1014.549	31.859	44.737	40.398	40.329	No signal	No signal	No signal	12:51:45
2017-09-21 12:53:25	24.262	37.561	1014.43	29.856	45.618	40.481	49.658	No signal	No signal	No signal	12:52:44
2017-09-21 12:54:26	24.226	38.339	1014.425	28.776	46.37	39.318	48.935	No signal	No signal	No signal	12:53:46
2017-09-21 12:55:25	24.199	39.746	1014.257	27.693	46.638	38.737	50.341	No signal	No signal	No signal	12:54:44
2017-09-21 12:56:25	24.217	40.996	1014.293	27.154	46.346	39.775	50.837	No signal	No signal	No signal	12:55:44
2017-09-21 12:57:25	24.217	41.668	1014.408	26.804	46.37	41.062	47.84	No signal	No signal	No signal	12:56:45
2017-09-21 12:58:27	24.253	42.617	1014.398	27	46.311	42.806	47.451	No signal	No signal	No signal	12:57:47
2017-09-21 12:59:25	24.28	42.36	1014.262	27.197	46.258	44.55	46.805	No signal	No signal	No signal	12:58:44
2017-09-21 13:00:26	24.298	42.207	1014.221	26.475	45.562	45.38	42.747	No signal	No signal	No signal	12:59:46
2017-09-21 13:01:26	24.325	42.344	1014.105	26.957	46.567	48.619	38.814	No signal	No signal	No signal	13:00:46
2017-09-21 13:02:25	24.36	42.447	1013.838	26.836	46.717	50.363	37.634	No signal	No signal	No signal	13:01:44
2017-09-21 13:03:25	24.405	42.334	1013.862	25.603	47.31	50.986	38.305	No signal	No signal	No signal	13:02:44
2017-09-21 13:04:24	24.432	42.191	1013.615	25.635	47.521	52.688	27.843	No signal	No signal	No signal	13:03:44
2017-09-21 13:05:26	24.477	42.087	1013.763	24.357	47.731	52.231	12.618	No signal	No signal	No signal	13:04:45
2017-09-21 13:06:25	24.512	42.208	1013.76	24.529	46.997	53.046	11.352	No signal	No signal	No signal	13:05:45
2017-09-21 13:07:25	24.548	43.645	1013.937	24.712	47.142	55.449	8.658	No signal	No signal	No signal	13:06:45
2017-09-21 13:08:28	24.575	45.926	1013.851	28.034	45.393	59.663	2.444	No signal	No signal	No signal	13:07:48
2017-09-21 13:09:26	24.62	47.732	1013.699	30.958	44.097	63.151	2.444	No signal	No signal	No signal	13:08:46
2017-09-21 13:10:24	24.682	48.512	1013.647	31.175	43.84	65.31	1.011	No signal	No signal	No signal	13:09:44
2017-09-21 13:11:25	24.754	47.07	1013.416	31.408	43.568	65.789	0.866	No signal	No signal	No signal	13:10:44
2017-09-21 13:12:25	24.825	45.873	1013.687	31.303	43.497	65.622	0.938	No signal	No signal	No signal	13:11:44
2017-09-21 13:13:26	24.897	43.874	1013.413	36.601	43.341	68.383	1.486	No signal	No signal	No signal	13:12:46
2017-09-21 13:14:27	24.986	44.032	1013.301	36.325	42.241	68.383	1.324	No signal	No signal	No signal	13:13:47
2017-09-21 13:15:25	25.049	44.079	1013.311	36.866	42.294	68.424	1.083	No signal	No signal	No signal	13:14:44
2017-09-21 13:16:24	25.13	43.547	1013.181	40.168	40.973	68.964	1.015	No signal	No signal	No signal	13:15:44
2017-09-21 13:17:24	25.183	43.436	1013.254	42.096	40.973	69.545	1.353	No signal	No signal	No signal	13:16:44
2017-09-21 13:18:24	25.246	41.835	1013.125	43.706	41.355	70.126	1.462	No signal	No signal	No signal	13:17:44
2017-09-21 13:19:25	25.228	34.952	1013.217	45.116	40.882	67.179	1.56	No signal	No signal	No signal	13:18:44
2017-09-21 13:20:25	25.067	34.884	1013.294	48.338	39.357	65.31	2.567	No signal	No signal	No signal	13:19:44
2017-09-21 13:21:24	24.843	35.161	1013.258	47.89	39.634	63.442	2.567	No signal	No signal	No signal	13:20:44
2017-09-21 13:22:24	24.718	34.743	1013.275	48.845	38.816	61.094	2.75	No signal	No signal	No signal	13:21:44
2017-09-21 13:23:25	24.772	36.794	1013.207	48.352	37.894	57.741	9.292	No signal	No signal	No signal	13:22:45
2017-09-21 13:25:26	24.566	36.961	1013.399	49.345	35.959	51.089	16.722	No signal	No signal	No signal	13:24:46
2017-09-21 13:26:26	24.772	37.71	1013.293	47.292	32.533	46.003	20.566	No signal	No signal	No signal	13:25:46
2017-09-21 13:27:24	24.915	37.852	1012.388	46.464	30.973	42.37	20.336	No signal	No signal	No signal	13:26:44
2017-09-21 13:28:24	24.986	38.425	1012.077	44.565	31.115	41.643	26.853	No signal	No signal	No signal	13:27:44
2017-09-21 13:29:25	24.915	38.524	1011.975	44.714	29.663	40.973	28.637	No signal	No signal	No signal	13:28:45
2017-09-21 13:30:26	24.799	38.883	1011.968	44.701	28.211	38.737	30.839	No signal	No signal	No signal	13:29:45
2017-09-21 13:31:27	24.96	40.059	1012.108	42.575	32.433	37.907	37.007	No signal	No signal	No signal	13:30:47
2017-09-21 13:32:24	25.165	39.831	1012.066	41.966	33.786	37.284	38.364	No signal	No signal	No signal	13:31:44
2017-09-21 13:33:25	25.264	39.921	1012.027	41.857	33.481	35.607	40.979	No signal	No signal	No signal	13:32:45
2017-09-21 13:34:29	25.326	40.187	1012.025	40.45	37.234	40.398	40.945	No signal	No signal	No signal	13:33:49
2017-09-21 13:35:24	25.362	40.429	1011.994	39.695	39.207	43.512	41.489	No signal	No signal	No signal	13:34:44
2017-09-21 13:36:26	25.407	40.369	1011.982	39.34	38.871	43.656	44.453	No signal	No signal	No signal	13:35:46
2017-09-21 13:37:26	25.496	41.111	1012.026	38.957	39.715	47.456	47.205	No signal	No signal	No signal	13:36:46
2017-09-21 13:38:25	25.639	41.07	1012.028	38.546	40.614	49.57	43.506	No signal	No signal	No signal	13:37:45
2017-09-21 13:39:27	25.756	41.042	1012.057	33.649	50.471	57.338	30.15	No signal	No signal	No signal	13:38:48
2017-09-21 13:40:24	25.997	41.31	1012.093	30.931	51.218	59.705	30.15	No signal	No signal	No signal	13:39:44
2017-09-21 13:41:28	26.122	40.856	1011.954	28.027	53.688	65.31	33.127	No signal	No signal	No signal	13:40:48
2017-09-21 13:42:24	26.042	40.595	1012.182	28.418	55.654	71.289	31.743	No signal	No signal	No signal	13:41:44
2017-09-21 13:43:24	25.961	40.552	1013.188	28.735	59.431	75.358	26.12	No signal	No signal	No signal	13:42:44
2017-09-21 13:44:24	25.845	40.424	1013.356	28.652	60.795	77.143	22.045	No signal	No signal	No signal	13:43:44
2017-09-21 13:45:24	25.711	40.196	1013.36	26.863	65.758	80.59	19.499	No signal	No signal	No signal	13:44:44
2017-09-21 13:46:25	25.586	40.048	1013.257	24.584	69.811	82.915	18.712	No signal	No signal	No signal	13:45:45
2017-09-21 13:47:24	25.434	39.886	1013.114	22.292	73.839	84.659	17.726	No signal	No signal	No signal	13:46:44
2017-09-21 13:48:24	25.308	39.232	1013.176	20.575	77.679	84.659	21.636	No signal	No signal	No signal	13:47:44
2017-09-21 13:49:24	25.201	39.725	1013.224	19.504	79.419	86.486	19.686	No signal	No signal	No signal	13:48:44
2017-09-21 13:50:25	25.067	39.784	1013.462	17.725	83.125	85.863	21.921	No signal	No signal	No signal	13:49:45
2017-09-21 13:51:24	24.924	40.008	1013.543	17.466	87.198	85.24	21.437	No signal	No signal	No signal	13:50:44
2017-09-21 13:52:25	24.799	40.392	1014.364	17.854	88.905	85.863	22.969	No signal	No signal	No signal	13:51:45
2017-09-21 13:53:26	24.7	40.938	1012.836	18.276	90.758	86.581	24.088	No signal	No signal	No signal	13:52:46
2017-09-21 13:54:25	24.602	41.494	1012.833	18.953	92.599	86.693	25.366	No signal	No signal	No signal	13:53:45
2017-09-21 13:55:26	24.512	42.016	1014.026	18.575	98.355	85.24	20.496	No signal	No signal	No signal	13:54:46
2017-09-21 13:56:25	24.423	42.442	1013.313	19.856	105.138	83.994	16.097	No signal	No signal	No signal	13:55:45
2017-09-21 13:57:25	24.342	42.487	1012.431	19.992	108.893	83.228	16.464	No signal	No signal	No signal	13:56:45
2017-09-21 13:58:25	24.262	42.671	1013.402	20.13	110.115	82.334	16.939	No signal	No signal	No signal	13:57:45
2017-09-21 13:59:25	24.19	42.839	1013.5	21.12	114.748	84.659	13.078	No signal	No signal	No signal	13:58:45
2017-09-21 14:00:25	24.119	43.042	1013.648	20.945	116.297	84.617	13.323	No signal	No signal	No signal	13:59:45
2017-09-21 14:01:25	24.056	43.082	1014.192	20.681	119.98	85.821	9.423	No signal	No signal	No signal	14:00:45
2017-09-21 14:02:25	23.931	44.486	1013.663	20.459	122.767	85.821	8.425	No signal	No signal	No signal	14:01:45
2017-09-21 14:03:25	23.904	43.922	1014.057	20.422	123.794	86.486	5.272	No signal	No signal	No signal	14:02:46
2017-09-21 14:04:25	23.842	44.075	1013.842	20.633	122.436	86.403	7.365	No signal	No signal	No signal	14:03:46
2017-09-21 14:05:25	23.824	44.316	1013.527	20.401	120.379	86.209	1.612	No signal	No signal	No signal	14:04:45
2017-09-21 14:06:24	23.797	44.877	1013.417	20.548	120.549	88.51	1.814	No signal	No signal	No signal	14:05:44
2017-09-21 14:07:24	23.779	45.327	1014.449	22.268	113.648	87.178	3.923	No signal	No signal	No signal	14:06:44
2017-09-21 14:08:25	23.779	45.745	1014.187	22.485	114	86.33	3.442	No signal	No signal	No signal	14:07:45
2017-09-21 14:09:26	23.788	45.921	1014.395	22.257	114.621	83.994	3.934	No signal	No signal	No signal	14:08:46
2017-09-21 14:10:26	23.797	46.045	1015.334	21.998	115.269	83.787	3.466	No signal	No signal	No signal	14:09:46
2017-09-21 14:11:25	23.806	45.899	1014.92	23.999	104.421	82.069	4.534	No signal	No signal	No signal	14:10:46
2017-09-21 14:12:25	23.806	44.53	1015.628	23.283	104.802	80.008	4.912	No signal	No signal	No signal	14:11:45
2017-09-21 14:13:25	23.788	44.396	1015.808	22.613	103.874	79.427	5.895	No signal	No signal	No signal	14:12:45
2017-09-21 14:14:25	23.788	44.404	1015.082	21.763	104.199	75.431	6.55	No signal	No signal	No signal	14:13:45
2017-09-21 14:15:26	23.77	44.174	1015.002	22.424	82.928	75.275	13.499	No signal	No signal	No signal	14:14:47
2017-09-21 14:16:25	23.752	43.9	1014.712	22.679	81.91	73.167	14.92	No signal	No signal	No signal	14:15:46
2017-09-21 14:17:25	23.734	43.87	1015.417	22.577	77.11	71.87	17.253	No signal	No signal	No signal	14:16:45
2017-09-21 14:18:26	23.716	43.701	1015.373	24.933	94.296	74.029	9.824	No signal	No signal	No signal	14:17:47
2017-09-21 14:19:24	23.698	43.601	1015.174	25.004	74.783	72.888	14.971	No signal	No signal	No signal	14:18:44
2017-09-21 14:20:25	23.636	43.144	1014.532	25.897	72.647	73.35	14.971	No signal	No signal	No signal	14:19:45
2017-09-21 14:21:25	23.564	42.902	1014.455	26.116	70.85	72.888	13.738	No signal	No signal	No signal	14:20:45
2017-09-21 14:22:24	23.466	42.891	1014.439	27.094	76.087	70.293	14.331	No signal	No signal	No signal	14:21:44
2017-09-21 14:23:27	23.35	42.501	1014.481	26.218	76.344	70.293	14.567	No signal	No signal	No signal	14:22:47
2017-09-21 14:24:26	23.269	42.528	1014.489	27.806	73.757	69.255	16.347	No signal	No signal	No signal	14:23:47
2017-09-21 14:25:24	23.18	42.562	1014.455	27.039	71.977	70.708	13.703	No signal	No signal	No signal	14:24:44
2017-09-21 14:26:27	23.054	42.274	1014.432	27.419	69.481	69.387	13.799	No signal	No signal	No signal	14:25:48
2017-09-21 14:28:20	22.804	42.615	1014.412	27.21	64.865	76.521	12.405	No signal	No signal	No signal	00:00:00
2017-09-21 14:29:08	22.759	42.187	1014.381	26.093	71.426	74.143	8.472	No signal	No signal	No signal	00:00:48
2017-09-21 14:30:06	22.661	41.958	1014.36	26.888	62.781	73.35	8.81	No signal	No signal	No signal	23:59:49
2017-09-21 14:31:06	22.536	41.819	1014.359	27.435	53.926	70.484	7.582	No signal	No signal	No signal	23:59:49
2017-09-21 14:32:08	22.437	41.781	1014.341	27.694	50.909	69.813	7.582	No signal	No signal	No signal	23:59:49
2017-09-21 14:33:09	22.348	41.78	1014.326	27.694	50.909	69.981	7.582	No signal	No signal	No signal	23:59:49
2017-09-21 14:34:07	22.231	41.556	1014.333	27.694	50.909	70.179	5.027	No signal	No signal	No signal	23:59:49
2017-09-21 14:35:08	22.106	41.556	1014.362	26.214	45.951	62.196	4.403	No signal	No signal	No signal	23:59:49
2017-09-21 14:36:06	21.972	41.869	1014.355	25.403	45.021	60.328	4.403	No signal	No signal	No signal	23:59:49
2017-09-21 14:37:07	21.802	42.052	1014.359	24.964	45.904	59.082	3.896	No signal	No signal	No signal	00:00:50
2017-09-21 14:38:07	21.668	42.251	1014.363	24.497	46.847	58.355	2.918	No signal	No signal	No signal	23:59:49
2017-09-21 14:39:07	21.534	42.494	1014.354	23.999	47.853	57.497	3.082	No signal	No signal	No signal	00:00:49
2017-09-21 14:40:07	21.4	42.675	1014.322	23.031	44.49	52.231	1.882	No signal	No signal	No signal	23:59:49
2017-09-21 14:41:06	21.274	42.641	1014.407	22.655	44.176	50.986	1.277	No signal	No signal	No signal	23:59:49
2017-09-21 14:42:07	21.14	42.727	1014.379	22.44	45.024	50.986	1.376	No signal	No signal	No signal	23:59:49
2017-09-21 14:43:07	20.997	43.142	1014.389	22.211	46.305	44.326	1.376	No signal	No signal	No signal	23:59:49
2017-09-21 14:44:08	20.854	43.479	1014.406	21.129	52.388	43.823	1.49	No signal	No signal	No signal	23:59:49
2017-09-21 14:45:07	20.711	43.728	1014.385	23.49	50.593	42.225	1.495	No signal	No signal	No signal	23:59:49
2017-09-21 14:46:08	20.603	43.985	1014.389	23.49	50.593	41.643	1.602	No signal	No signal	No signal	00:00:50
2017-09-21 14:47:06	20.487	44.232	1014.383	24.043	47.245	41.062	1.705	No signal	No signal	No signal	23:59:49
2017-09-21 14:48:07	20.389	44.203	1014.35	24.288	45.67	40.481	1.705	No signal	No signal	No signal	23:59:49
2017-09-21 14:49:06	20.272	44.187	1014.334	24.021	43.552	39.318	1.712	No signal	No signal	No signal	23:59:49
2017-09-21 14:50:09	20.165	44.479	1014.354	23.753	41.716	38.737	1.748	No signal	No signal	No signal	23:59:49
2017-09-21 14:51:06	20.049	44.822	1014.322	23.904	40.571	38.529	1.873	No signal	No signal	No signal	23:59:49
2017-09-21 14:52:10	19.941	45.026	1014.306	23.97	36.037	38.529	1.873	No signal	No signal	No signal	23:59:49
2017-09-21 14:54:07	19.727	45.409	1014.285	23.94	22.842	37.907	1.873	No signal	No signal	No signal	00:00:51
2017-09-21 14:55:08	19.628	45.572	1014.296	23.839	17.641	37.907	1.729	No signal	No signal	No signal	23:59:49
2017-09-21 14:56:05	19.521	45.751	1014.289	23.74	12.444	37.284	2.274	No signal	No signal	No signal	23:59:49
2017-09-21 14:57:06	19.414	46.043	1014.27	24.111	7.085	36.948	2.448	No signal	No signal	No signal	23:59:49